{"epoch": 1, "iter": 2685, "loss": -1570141.5, "_timestamp": 1702641483.6138928, "_runtime": 1184.988464832306, "_step": 5371, "_wandb": {"runtime": 1184}}