{"epoch": 1, "iter": 2685, "loss": -1065314.75, "_timestamp": 1702641467.4017487, "_runtime": 1229.3003265857697, "_step": 5371, "_wandb": {"runtime": 1229}}