{"epoch": 9, "iter": 72, "loss": -1260402.25, "_timestamp": 1702442655.4030495, "_runtime": 199.21317648887634, "_step": 729, "_wandb": {"runtime": 200}}