{"epoch": 1, "iter": 2685, "loss": -1300512.375, "_timestamp": 1702640999.3758204, "_runtime": 791.3986012935638, "_step": 5371, "_wandb": {"runtime": 791}}